Symptoms,Medications
"cough, weight loss, fatigue","albuterol, insulin"
weight loss,salmeterol
"weight loss, rash, chest pain","acetaminophen, simvastatin"
"muscle pain, loss of appetite, shortness of breath, body aches",metformin
anxiety,"fluticasone, simvastatin"
"vomiting, shortness of breath",omeprazole
cough,"acetaminophen, venlafaxine"
"nausea, anxiety, cough, joint pain",atorvastatin
shortness of breath,sertraline
loss of appetite,amoxicillin
"sore throat, allergic reaction, weight loss",diphenhydramine
"vomiting, back pain, headache",sertraline
muscle pain,"salmeterol, metformin"
"insomnia, sore throat, weight loss, swelling","cetirizine, venlafaxine"
"weight gain, chest pain, sore throat, headache",diphenhydramine
weight gain,albuterol
"itching, diarrhea","aspirin, azithromycin"
weight loss,sertraline
"fatigue, weight loss","metformin, fluticasone"
"insomnia, back pain, body aches",lisinopril
"swelling, insomnia, fever, sore throat",amoxicillin
shortness of breath,diphenhydramine
"rash, muscle pain","azithromycin, fluoxetine"
"sore throat, muscle pain, nausea, rash","escitalopram, fluticasone"
"weight loss, itching, fever",acetaminophen
"diarrhea, back pain","diphenhydramine, insulin"
nausea,insulin
"sore throat, itching, weight gain","cetirizine, escitalopram"
"fatigue, allergic reaction, muscle pain, diarrhea",azithromycin
diarrhea,azithromycin
"back pain, joint pain, chest pain",salmeterol
joint pain,sertraline
"sore throat, body aches, chest pain","amoxicillin, ranitidine"
"cough, swelling","ranitidine, sertraline"
"muscle pain, insomnia, weight gain, weight loss","albuterol, diphenhydramine"
"abdominal pain, weight loss",venlafaxine
chest pain,acetaminophen
"weight gain, runny nose, abdominal pain","atorvastatin, azithromycin"
"body aches, sore throat, muscle pain","venlafaxine, loratadine"
"rash, weight loss","ranitidine, fluticasone"
"vomiting, muscle pain","fluticasone, diphenhydramine"
"nausea, sore throat",azithromycin
"runny nose, cough, abdominal pain, insomnia","loratadine, azithromycin"
"vomiting, back pain, weight loss","salmeterol, fluticasone"
"cough, diarrhea, fever",diphenhydramine
"swelling, cough","venlafaxine, fluticasone"
cough,"escitalopram, loratadine"
joint pain,"salmeterol, albuterol"
"swelling, loss of appetite","escitalopram, insulin"
fatigue,salmeterol
"insomnia, depression, muscle pain",venlafaxine
"abdominal pain, joint pain","atorvastatin, metformin"
abdominal pain,fluticasone
allergic reaction,cetirizine
"weight loss, anxiety, loss of appetite, body aches",cetirizine
"back pain, headache","fluoxetine, loratadine"
"vomiting, chest pain, abdominal pain","lisinopril, loratadine"
itching,"salmeterol, simvastatin"
joint pain,ibuprofen
"insomnia, runny nose, headache","insulin, ibuprofen"
"fatigue, insomnia","loratadine, amoxicillin"
"vomiting, rash, sore throat, diarrhea","salmeterol, sertraline"
"chest pain, rash, anxiety",atorvastatin
"muscle pain, fatigue, back pain, itching","simvastatin, metformin"
"insomnia, loss of appetite, chest pain","salmeterol, aspirin"
"fever, abdominal pain, runny nose, headache",amoxicillin
"back pain, fatigue, insomnia, fever",metformin
shortness of breath,"venlafaxine, amoxicillin"
"itching, diarrhea","escitalopram, ibuprofen"
"weight gain, diarrhea, swelling","azithromycin, salmeterol"
"diarrhea, sore throat, depression, runny nose",atorvastatin
"depression, weight gain, chest pain",simvastatin
"sore throat, fatigue",albuterol
"itching, diarrhea, headache, weight loss","albuterol, sertraline"
"allergic reaction, swelling, diarrhea",acetaminophen
"shortness of breath, headache, chest pain",ibuprofen
"muscle pain, itching",fluticasone
back pain,atorvastatin
headache,salmeterol
headache,simvastatin
"nausea, fatigue",acetaminophen
"chest pain, rash, weight loss, headache",albuterol
"muscle pain, fatigue, headache",salmeterol
depression,cetirizine
"joint pain, cough, chest pain, allergic reaction","venlafaxine, cetirizine"
"nausea, shortness of breath, headache, weight loss","lisinopril, sertraline"
nausea,fluticasone
"rash, depression, sore throat, cough","acetaminophen, sertraline"
insomnia,"lisinopril, albuterol"
"cough, chest pain",salmeterol
"headache, weight gain, depression, back pain","atorvastatin, fluoxetine"
"allergic reaction, sore throat, headache","amoxicillin, venlafaxine"
"loss of appetite, chest pain, rash, vomiting","ibuprofen, metformin"
"itching, vomiting, sore throat","metformin, diphenhydramine"
"joint pain, itching, fever",diphenhydramine
"cough, itching, back pain","aspirin, albuterol"
"anxiety, joint pain","metformin, venlafaxine"
"weight loss, depression, diarrhea","albuterol, fluticasone"
"fatigue, loss of appetite, headache",insulin
abdominal pain,simvastatin
"diarrhea, loss of appetite","lisinopril, diphenhydramine"
"fever, back pain, shortness of breath",atorvastatin
"vomiting, fatigue","ibuprofen, lisinopril"
"cough, chest pain","venlafaxine, acetaminophen"
"depression, vomiting, joint pain, anxiety","azithromycin, escitalopram"
"loss of appetite, rash, weight loss","lisinopril, loratadine"
"chest pain, body aches","salmeterol, fluoxetine"
sore throat,"sertraline, simvastatin"
"fatigue, back pain",omeprazole
"itching, headache, diarrhea, cough","fluticasone, atorvastatin"
"sore throat, fever, insomnia","simvastatin, venlafaxine"
"diarrhea, rash","lisinopril, venlafaxine"
"body aches, insomnia, itching, diarrhea","venlafaxine, albuterol"
"insomnia, allergic reaction, headache",omeprazole
"sore throat, chest pain, insomnia","escitalopram, azithromycin"
"joint pain, shortness of breath, itching","sertraline, albuterol"
"insomnia, swelling, depression","albuterol, sertraline"
"cough, sore throat","lisinopril, diphenhydramine"
"diarrhea, nausea",venlafaxine
"fatigue, cough",venlafaxine
"insomnia, joint pain, vomiting, fatigue","fluticasone, amoxicillin"
weight gain,simvastatin
"cough, shortness of breath",albuterol
"abdominal pain, rash, fatigue, allergic reaction","amoxicillin, atorvastatin"
"fever, swelling",simvastatin
"loss of appetite, chest pain, swelling",escitalopram
"nausea, weight loss, depression, itching",acetaminophen
"insomnia, headache, weight loss",metformin
"fatigue, rash, swelling","fluoxetine, loratadine"
"cough, runny nose, nausea, vomiting","albuterol, atorvastatin"
"anxiety, nausea, swelling, body aches","insulin, diphenhydramine"
"sore throat, headache, cough",venlafaxine
chest pain,azithromycin
"depression, nausea",diphenhydramine
"nausea, sore throat, chest pain","atorvastatin, acetaminophen"
"abdominal pain, rash, fever","diphenhydramine, amoxicillin"
"anxiety, nausea, headache","salmeterol, azithromycin"
"allergic reaction, insomnia, rash",simvastatin
"swelling, diarrhea",sertraline
"muscle pain, diarrhea","diphenhydramine, fluoxetine"
"nausea, headache","azithromycin, salmeterol"
loss of appetite,atorvastatin
itching,aspirin
"fever, back pain, vomiting, cough","atorvastatin, loratadine"
anxiety,"sertraline, fluticasone"
"allergic reaction, fatigue, fever, loss of appetite","atorvastatin, loratadine"
joint pain,amoxicillin
fatigue,"sertraline, cetirizine"
"allergic reaction, anxiety, weight gain",salmeterol
"allergic reaction, itching",metformin
"sore throat, loss of appetite","fluticasone, venlafaxine"
"body aches, loss of appetite, weight loss, swelling","albuterol, omeprazole"
"body aches, swelling","ibuprofen, omeprazole"
"joint pain, sore throat",ranitidine
headache,"atorvastatin, ranitidine"
"chest pain, weight loss","aspirin, acetaminophen"
"anxiety, runny nose, loss of appetite","amoxicillin, metformin"
sore throat,"ibuprofen, loratadine"
"runny nose, weight loss, body aches",diphenhydramine
"itching, fever, back pain, depression",aspirin
"vomiting, abdominal pain, fatigue, depression","sertraline, albuterol"
"runny nose, vomiting, body aches, nausea","azithromycin, metformin"
"fatigue, weight loss",ranitidine
"itching, joint pain, runny nose","cetirizine, albuterol"
"anxiety, cough, abdominal pain, muscle pain","venlafaxine, ranitidine"
"cough, swelling",fluticasone
"insomnia, shortness of breath, joint pain, body aches",cetirizine
"fatigue, swelling",albuterol
"weight loss, joint pain, back pain","metformin, diphenhydramine"
"anxiety, fatigue","loratadine, fluoxetine"
runny nose,"diphenhydramine, aspirin"
"allergic reaction, headache","salmeterol, lisinopril"
sore throat,diphenhydramine
"joint pain, body aches","salmeterol, albuterol"
"weight gain, nausea, runny nose, depression","ibuprofen, diphenhydramine"
diarrhea,fluoxetine
"back pain, joint pain, fever, swelling",diphenhydramine
depression,"sertraline, albuterol"
"abdominal pain, body aches",albuterol
"muscle pain, body aches","fluticasone, insulin"
allergic reaction,aspirin
"shortness of breath, diarrhea","escitalopram, ibuprofen"
"runny nose, diarrhea",acetaminophen
"swelling, rash",venlafaxine
"loss of appetite, headache, back pain, joint pain",fluticasone
"back pain, cough",metformin
"muscle pain, nausea, loss of appetite, insomnia",escitalopram
"fever, cough","atorvastatin, acetaminophen"
"shortness of breath, joint pain, itching, muscle pain","ibuprofen, lisinopril"
"allergic reaction, fatigue, joint pain, cough","simvastatin, lisinopril"
"body aches, depression, vomiting",sertraline
"anxiety, nausea, shortness of breath, swelling",salmeterol
"headache, sore throat",venlafaxine
"swelling, rash, body aches","amoxicillin, fluticasone"
allergic reaction,metformin
"insomnia, back pain","diphenhydramine, ibuprofen"
"rash, fatigue, loss of appetite",omeprazole
"vomiting, joint pain, depression, allergic reaction","sertraline, ibuprofen"
"body aches, cough",aspirin
"body aches, vomiting",omeprazole
"cough, depression","aspirin, azithromycin"
"itching, headache, anxiety","insulin, amoxicillin"
"depression, body aches, rash, vomiting",metformin
diarrhea,"venlafaxine, albuterol"
"rash, nausea, allergic reaction","fluticasone, salmeterol"
itching,salmeterol
"diarrhea, rash, allergic reaction, chest pain",metformin
cough,ibuprofen
"diarrhea, chest pain, fever, depression","loratadine, venlafaxine"
"weight gain, joint pain, runny nose, fatigue",escitalopram
"weight gain, runny nose",fluticasone
"anxiety, body aches",metformin
"shortness of breath, nausea, chest pain, vomiting",lisinopril
"cough, depression","ibuprofen, cetirizine"
abdominal pain,"diphenhydramine, omeprazole"
fatigue,"diphenhydramine, cetirizine"
"swelling, fatigue",fluoxetine
"rash, sore throat, muscle pain","cetirizine, loratadine"
"back pain, insomnia, vomiting",sertraline
"chest pain, vomiting, loss of appetite, depression","simvastatin, aspirin"
"vomiting, weight gain, shortness of breath, body aches",escitalopram
joint pain,salmeterol
headache,"amoxicillin, escitalopram"
"nausea, swelling, vomiting",diphenhydramine
"insomnia, cough","cetirizine, ranitidine"
"cough, headache","ibuprofen, venlafaxine"
"runny nose, rash, allergic reaction",omeprazole
"insomnia, abdominal pain, cough, runny nose",loratadine
"weight gain, muscle pain, nausea","albuterol, cetirizine"
"chest pain, vomiting",ranitidine
"fever, chest pain",ranitidine
depression,"venlafaxine, atorvastatin"
diarrhea,"atorvastatin, metformin"
"shortness of breath, muscle pain, weight gain, body aches",sertraline
"headache, fever, nausea","escitalopram, acetaminophen"
"body aches, loss of appetite, anxiety",sertraline
weight gain,"lisinopril, azithromycin"
"nausea, chest pain, swelling, anxiety","cetirizine, fluoxetine"
"back pain, muscle pain",albuterol
"sore throat, back pain","ibuprofen, fluoxetine"
joint pain,metformin
cough,cetirizine
back pain,loratadine
"joint pain, fever",fluticasone
cough,"insulin, acetaminophen"
shortness of breath,"venlafaxine, escitalopram"
"depression, allergic reaction, rash, chest pain","cetirizine, amoxicillin"
"sore throat, fever, diarrhea, loss of appetite",salmeterol
"itching, fatigue, loss of appetite, rash","insulin, cetirizine"
"weight loss, rash","acetaminophen, metformin"
"weight loss, vomiting, depression, anxiety","salmeterol, albuterol"
"swelling, headache, rash","omeprazole, insulin"
"cough, weight loss, fatigue",insulin
"itching, headache, nausea, vomiting","venlafaxine, acetaminophen"
"runny nose, sore throat, depression","sertraline, simvastatin"
"fatigue, sore throat, fever",azithromycin
shortness of breath,"simvastatin, metformin"
shortness of breath,ranitidine
allergic reaction,"lisinopril, simvastatin"
"headache, shortness of breath",amoxicillin
weight gain,"insulin, amoxicillin"
"headache, allergic reaction, back pain",metformin
"swelling, headache","ranitidine, diphenhydramine"
"vomiting, swelling",azithromycin
"chest pain, loss of appetite",cetirizine
"anxiety, diarrhea, cough",lisinopril
"muscle pain, rash",acetaminophen
"insomnia, sore throat, joint pain, muscle pain","aspirin, atorvastatin"
"fatigue, anxiety, headache",simvastatin
"weight loss, sore throat, allergic reaction, insomnia","amoxicillin, metformin"
"insomnia, fatigue, chest pain, allergic reaction","venlafaxine, escitalopram"
cough,salmeterol
"headache, muscle pain, fatigue, body aches","loratadine, fluticasone"
"itching, rash, vomiting","metformin, insulin"
"nausea, chest pain, joint pain",acetaminophen
"anxiety, joint pain, vomiting",sertraline
"shortness of breath, runny nose, rash",azithromycin
"headache, vomiting, insomnia, runny nose",cetirizine
weight gain,venlafaxine
"joint pain, anxiety, insomnia, headache",atorvastatin
fever,"loratadine, simvastatin"
"swelling, insomnia, rash, weight loss",fluoxetine
"insomnia, abdominal pain, fever","azithromycin, ranitidine"
headache,salmeterol
"joint pain, weight gain",ranitidine
"joint pain, swelling, allergic reaction, weight gain","escitalopram, sertraline"
"weight gain, nausea, shortness of breath",escitalopram
cough,"insulin, fluticasone"
shortness of breath,"metformin, omeprazole"
"loss of appetite, sore throat, vomiting","metformin, atorvastatin"
insomnia,sertraline
"abdominal pain, fatigue, allergic reaction","sertraline, loratadine"
nausea,"fluoxetine, salmeterol"
"back pain, muscle pain, depression","acetaminophen, ranitidine"
"fatigue, chest pain",atorvastatin
"cough, fatigue","loratadine, fluticasone"
"sore throat, joint pain, depression",azithromycin
"fever, vomiting, shortness of breath",metformin
"shortness of breath, insomnia, nausea","lisinopril, ibuprofen"
"cough, depression, body aches",acetaminophen
"weight loss, swelling",albuterol
"nausea, joint pain, itching, sore throat",azithromycin
"chest pain, shortness of breath, itching, fever","omeprazole, fluoxetine"
"allergic reaction, rash, shortness of breath, fatigue",fluoxetine
back pain,"simvastatin, ibuprofen"
"chest pain, joint pain, swelling, vomiting","cetirizine, omeprazole"
"joint pain, chest pain, weight loss",fluticasone
"anxiety, chest pain, back pain, abdominal pain",escitalopram
"joint pain, abdominal pain, depression","ranitidine, atorvastatin"
"vomiting, fatigue, abdominal pain",acetaminophen
"runny nose, fatigue, depression, nausea",diphenhydramine
"anxiety, fatigue, vomiting","salmeterol, escitalopram"
"nausea, shortness of breath",insulin
"depression, chest pain, weight gain, swelling","metformin, escitalopram"
"headache, insomnia",diphenhydramine
depression,insulin
"nausea, weight loss, cough, back pain","albuterol, salmeterol"
allergic reaction,venlafaxine
"headache, itching, weight gain",ibuprofen
"weight gain, back pain","salmeterol, metformin"
"nausea, sore throat",escitalopram
"cough, itching, allergic reaction, muscle pain",salmeterol
"body aches, swelling, abdominal pain","metformin, cetirizine"
insomnia,escitalopram
"diarrhea, swelling, sore throat","lisinopril, salmeterol"
weight loss,"omeprazole, salmeterol"
depression,"insulin, azithromycin"
"itching, allergic reaction","ranitidine, venlafaxine"
"rash, swelling, body aches, nausea","escitalopram, sertraline"
allergic reaction,"lisinopril, ibuprofen"
"swelling, shortness of breath, sore throat, cough",escitalopram
"rash, back pain, depression, abdominal pain",ranitidine
"allergic reaction, nausea, headache, fever","atorvastatin, acetaminophen"
"weight gain, nausea",albuterol
"joint pain, runny nose","fluoxetine, loratadine"
headache,azithromycin
"weight gain, allergic reaction, headache, joint pain",ibuprofen
"insomnia, joint pain, chest pain",insulin
"headache, joint pain","lisinopril, azithromycin"
"chest pain, rash",loratadine
"itching, rash, insomnia",azithromycin
"sore throat, fatigue, anxiety","cetirizine, salmeterol"
"weight gain, abdominal pain, diarrhea, sore throat","albuterol, lisinopril"
"muscle pain, depression, cough, diarrhea","diphenhydramine, ranitidine"
"headache, loss of appetite",simvastatin
"swelling, sore throat, anxiety, depression","atorvastatin, fluticasone"
"back pain, weight loss",omeprazole
"joint pain, rash","ranitidine, salmeterol"
loss of appetite,"aspirin, sertraline"
"weight loss, joint pain, cough","acetaminophen, albuterol"
"swelling, fatigue","metformin, escitalopram"
"nausea, loss of appetite, insomnia","ibuprofen, venlafaxine"
"diarrhea, insomnia","sertraline, amoxicillin"
"vomiting, weight loss, depression","amoxicillin, insulin"
"diarrhea, cough","azithromycin, salmeterol"
"shortness of breath, loss of appetite, itching, weight gain","atorvastatin, acetaminophen"
vomiting,"venlafaxine, loratadine"
"rash, back pain, headache, insomnia","loratadine, ibuprofen"
abdominal pain,"salmeterol, cetirizine"
"muscle pain, headache, insomnia","cetirizine, acetaminophen"
vomiting,"salmeterol, simvastatin"
"allergic reaction, fever, loss of appetite, abdominal pain",atorvastatin
swelling,"albuterol, salmeterol"
"anxiety, sore throat, shortness of breath","ranitidine, metformin"
"weight gain, fatigue, loss of appetite, fever",cetirizine
"loss of appetite, cough, chest pain, diarrhea","ibuprofen, insulin"
allergic reaction,"azithromycin, insulin"
"fatigue, fever, joint pain, weight gain",lisinopril
"joint pain, runny nose, muscle pain","simvastatin, fluoxetine"
weight loss,"amoxicillin, loratadine"
"shortness of breath, weight gain, sore throat","albuterol, fluticasone"
"loss of appetite, sore throat",azithromycin
"nausea, headache, diarrhea","amoxicillin, simvastatin"
"insomnia, headache","fluticasone, atorvastatin"
"rash, allergic reaction, fatigue, back pain",venlafaxine
anxiety,"cetirizine, insulin"
"runny nose, shortness of breath","cetirizine, amoxicillin"
"headache, loss of appetite, weight loss",salmeterol
"headache, cough, depression, abdominal pain","ranitidine, fluticasone"
abdominal pain,"omeprazole, venlafaxine"
chest pain,"amoxicillin, fluticasone"
weight loss,"albuterol, lisinopril"
"depression, sore throat, allergic reaction, back pain",metformin
"back pain, rash",ranitidine
"itching, chest pain",fluticasone
back pain,ranitidine
"insomnia, muscle pain, allergic reaction, back pain","diphenhydramine, loratadine"
"headache, allergic reaction, loss of appetite, weight gain",amoxicillin
"loss of appetite, sore throat, muscle pain",insulin
"back pain, anxiety, diarrhea, joint pain",aspirin
"weight gain, cough",salmeterol
"vomiting, shortness of breath, rash","escitalopram, sertraline"
rash,"diphenhydramine, fluticasone"
itching,"aspirin, sertraline"
"weight gain, fever, diarrhea",diphenhydramine
"allergic reaction, nausea, cough",loratadine
"sore throat, fatigue, shortness of breath","lisinopril, albuterol"
"depression, sore throat, itching, vomiting","ibuprofen, fluoxetine"
"cough, weight loss, abdominal pain",ibuprofen
cough,metformin
"joint pain, cough, itching",salmeterol
weight gain,"sertraline, albuterol"
shortness of breath,aspirin
"depression, cough, diarrhea, rash",diphenhydramine
rash,acetaminophen
"runny nose, headache","salmeterol, lisinopril"
"weight gain, runny nose","aspirin, diphenhydramine"
"swelling, itching, headache",cetirizine
"itching, joint pain, muscle pain, allergic reaction",sertraline
"chest pain, nausea, allergic reaction",fluticasone
"depression, anxiety, weight loss","diphenhydramine, salmeterol"
"headache, abdominal pain","cetirizine, lisinopril"
diarrhea,"albuterol, fluticasone"
"weight loss, fever, joint pain",lisinopril
"muscle pain, vomiting, weight gain","lisinopril, fluoxetine"
"swelling, depression, fever","diphenhydramine, azithromycin"
"itching, headache, fever",escitalopram
"back pain, weight gain","salmeterol, aspirin"
"body aches, muscle pain, joint pain, shortness of breath",metformin
"shortness of breath, swelling, weight loss",loratadine
weight loss,azithromycin
"fatigue, anxiety",simvastatin
"depression, abdominal pain, body aches, vomiting","azithromycin, atorvastatin"
joint pain,loratadine
"chest pain, shortness of breath, swelling, back pain",escitalopram
depression,insulin
"cough, vomiting",lisinopril
joint pain,metformin
"fever, joint pain, headache",omeprazole
back pain,"aspirin, loratadine"
headache,"sertraline, aspirin"
"weight gain, loss of appetite, shortness of breath","fluoxetine, azithromycin"
"body aches, back pain, abdominal pain",lisinopril
"diarrhea, fatigue, chest pain, nausea","simvastatin, salmeterol"
"headache, abdominal pain, vomiting","lisinopril, albuterol"
"shortness of breath, headache","fluticasone, lisinopril"
"loss of appetite, vomiting",ibuprofen
"muscle pain, vomiting, weight loss, back pain","escitalopram, albuterol"
cough,"azithromycin, ranitidine"
"loss of appetite, shortness of breath, fever","sertraline, fluoxetine"
"vomiting, joint pain","escitalopram, cetirizine"
"fatigue, fever, back pain, loss of appetite","albuterol, insulin"
joint pain,"aspirin, simvastatin"
"insomnia, headache, nausea, fever",fluoxetine
anxiety,insulin
nausea,atorvastatin
"fever, weight loss, body aches",acetaminophen
chest pain,"salmeterol, albuterol"
joint pain,metformin
"body aches, loss of appetite, sore throat, depression","metformin, loratadine"
"sore throat, cough, diarrhea, nausea",salmeterol
joint pain,escitalopram
"itching, body aches, depression, joint pain","diphenhydramine, acetaminophen"
sore throat,venlafaxine
"chest pain, sore throat, swelling",ranitidine
"allergic reaction, fatigue","sertraline, atorvastatin"
"chest pain, cough, depression","amoxicillin, insulin"
"cough, fatigue, diarrhea, body aches",metformin
back pain,"simvastatin, ranitidine"
"sore throat, weight loss","lisinopril, ibuprofen"
"muscle pain, fever, diarrhea","sertraline, salmeterol"
"sore throat, weight gain, fever","omeprazole, fluoxetine"
"fatigue, vomiting, abdominal pain",atorvastatin
"vomiting, body aches",metformin
"allergic reaction, cough, depression","omeprazole, azithromycin"
"body aches, allergic reaction","simvastatin, albuterol"
"body aches, diarrhea, insomnia, abdominal pain","ibuprofen, omeprazole"
"loss of appetite, fever, itching, weight gain",diphenhydramine
"cough, fatigue, body aches, chest pain",venlafaxine
"weight gain, cough, depression, weight loss","lisinopril, cetirizine"
"sore throat, muscle pain, depression, abdominal pain",simvastatin
"shortness of breath, loss of appetite, muscle pain","atorvastatin, insulin"
"depression, swelling, fatigue","acetaminophen, venlafaxine"
"allergic reaction, fever","salmeterol, albuterol"
"back pain, vomiting, chest pain",amoxicillin
"runny nose, headache","fluoxetine, loratadine"
"swelling, loss of appetite, depression",omeprazole
weight gain,"fluoxetine, cetirizine"
"body aches, abdominal pain",insulin
abdominal pain,"fluoxetine, ibuprofen"
chest pain,azithromycin
"itching, allergic reaction, runny nose, swelling","omeprazole, ranitidine"
"diarrhea, back pain, nausea, sore throat","ranitidine, fluoxetine"
"allergic reaction, diarrhea, headache","simvastatin, amoxicillin"
"swelling, rash, runny nose","salmeterol, diphenhydramine"
"runny nose, joint pain",escitalopram
"rash, abdominal pain","venlafaxine, aspirin"
"runny nose, cough, body aches, headache","acetaminophen, fluoxetine"
sore throat,amoxicillin
"fatigue, fever","lisinopril, omeprazole"
nausea,aspirin
"sore throat, insomnia","loratadine, cetirizine"
nausea,omeprazole
"itching, rash","azithromycin, escitalopram"
"body aches, weight loss, abdominal pain, weight gain",salmeterol
"depression, abdominal pain, nausea",amoxicillin
rash,acetaminophen
"depression, itching, joint pain, chest pain",loratadine
depression,"ibuprofen, cetirizine"
"headache, depression, chest pain","metformin, insulin"
"headache, back pain",insulin
depression,metformin
"cough, sore throat",ranitidine
"chest pain, swelling",albuterol
"back pain, abdominal pain, chest pain",simvastatin
swelling,amoxicillin
"weight loss, joint pain, chest pain","ranitidine, salmeterol"
"anxiety, fever",ibuprofen
vomiting,atorvastatin
"loss of appetite, back pain, insomnia",cetirizine
"diarrhea, shortness of breath, fever",azithromycin
"abdominal pain, sore throat, nausea, body aches","diphenhydramine, venlafaxine"
"weight gain, swelling, depression",acetaminophen
"depression, diarrhea, cough, rash","ranitidine, metformin"
"runny nose, itching, abdominal pain","albuterol, lisinopril"
"nausea, sore throat, allergic reaction, chest pain","omeprazole, lisinopril"
"muscle pain, depression, allergic reaction",salmeterol
rash,"lisinopril, acetaminophen"
body aches,diphenhydramine
"vomiting, shortness of breath, chest pain","acetaminophen, loratadine"
"weight gain, fever, body aches, vomiting",insulin
back pain,"sertraline, loratadine"
"cough, back pain","aspirin, amoxicillin"
"vomiting, chest pain, fatigue",fluticasone
"headache, rash",lisinopril
"cough, runny nose","amoxicillin, insulin"
"headache, anxiety",simvastatin
"cough, weight loss, joint pain, muscle pain",aspirin
"depression, insomnia, headache",venlafaxine
"joint pain, diarrhea, rash","fluoxetine, omeprazole"
nausea,"albuterol, diphenhydramine"
"headache, diarrhea",atorvastatin
depression,"aspirin, loratadine"
anxiety,fluoxetine
"insomnia, sore throat, allergic reaction",sertraline
"weight gain, headache, fever, nausea",loratadine
"diarrhea, runny nose, sore throat, abdominal pain",omeprazole
"cough, anxiety, insomnia, depression","cetirizine, acetaminophen"
sore throat,loratadine
"anxiety, vomiting",loratadine
"abdominal pain, vomiting, shortness of breath, diarrhea","diphenhydramine, fluoxetine"
"chest pain, loss of appetite","fluticasone, omeprazole"
"weight gain, back pain, rash, fever","lisinopril, diphenhydramine"
"sore throat, back pain, weight gain, allergic reaction","loratadine, aspirin"
"loss of appetite, body aches","metformin, insulin"
"anxiety, fever","venlafaxine, insulin"
"sore throat, muscle pain, fatigue, swelling","aspirin, atorvastatin"
depression,simvastatin
"weight gain, back pain, diarrhea, abdominal pain","escitalopram, ibuprofen"
"shortness of breath, weight gain, vomiting","ibuprofen, azithromycin"
"cough, sore throat, rash, anxiety",omeprazole
"chest pain, nausea, runny nose, insomnia","atorvastatin, lisinopril"
"chest pain, runny nose, abdominal pain",loratadine
cough,"venlafaxine, sertraline"
"joint pain, weight loss, sore throat, runny nose","metformin, cetirizine"
"depression, cough, nausea, body aches","aspirin, fluoxetine"
"allergic reaction, weight gain","amoxicillin, salmeterol"
"joint pain, shortness of breath, vomiting, depression","atorvastatin, acetaminophen"
"diarrhea, depression, chest pain, nausea","acetaminophen, fluticasone"
"cough, shortness of breath, abdominal pain",escitalopram
fatigue,cetirizine
"anxiety, itching, shortness of breath","acetaminophen, metformin"
"headache, allergic reaction, muscle pain, fever","omeprazole, azithromycin"
"vomiting, shortness of breath, nausea","lisinopril, amoxicillin"
nausea,"loratadine, diphenhydramine"
"shortness of breath, anxiety",azithromycin
"rash, weight loss","fluticasone, escitalopram"
cough,"loratadine, aspirin"
"itching, nausea",venlafaxine
"sore throat, nausea, swelling","azithromycin, acetaminophen"
"diarrhea, sore throat","diphenhydramine, escitalopram"
"vomiting, diarrhea, loss of appetite, rash",aspirin
weight loss,"omeprazole, sertraline"
"diarrhea, headache, allergic reaction, rash",salmeterol
"fever, chest pain, anxiety",ibuprofen
itching,ranitidine
"loss of appetite, depression, body aches",salmeterol
depression,"ranitidine, lisinopril"
"allergic reaction, sore throat, joint pain","ranitidine, amoxicillin"
"fever, abdominal pain",fluticasone
"loss of appetite, rash",escitalopram
loss of appetite,lisinopril
body aches,fluoxetine
insomnia,"atorvastatin, acetaminophen"
"shortness of breath, depression","fluoxetine, lisinopril"
"allergic reaction, joint pain","omeprazole, salmeterol"
"rash, fever, insomnia","insulin, ibuprofen"
"sore throat, shortness of breath, body aches","aspirin, cetirizine"
"fatigue, headache, insomnia, swelling",escitalopram
"abdominal pain, cough, shortness of breath",insulin
"runny nose, chest pain, sore throat","simvastatin, aspirin"
"muscle pain, sore throat, vomiting, nausea","acetaminophen, loratadine"
"weight gain, allergic reaction, vomiting",insulin
joint pain,"aspirin, salmeterol"
"joint pain, weight gain, abdominal pain, shortness of breath","aspirin, fluoxetine"
"headache, insomnia, fever, back pain","diphenhydramine, salmeterol"
"swelling, diarrhea","ibuprofen, cetirizine"
"rash, weight gain, anxiety, weight loss","escitalopram, albuterol"
"weight gain, rash, loss of appetite","sertraline, cetirizine"
"chest pain, rash","simvastatin, sertraline"
insomnia,salmeterol
"weight gain, cough, depression",amoxicillin
body aches,"lisinopril, acetaminophen"
"headache, body aches","metformin, diphenhydramine"
"fever, nausea, weight gain, back pain",ibuprofen
"headache, weight gain, insomnia, allergic reaction","amoxicillin, lisinopril"
anxiety,lisinopril
"joint pain, muscle pain, fatigue","venlafaxine, insulin"
"itching, fatigue",omeprazole
"joint pain, weight gain, vomiting",lisinopril
swelling,"albuterol, aspirin"
"allergic reaction, shortness of breath","loratadine, lisinopril"
"joint pain, cough, shortness of breath, rash","aspirin, amoxicillin"
cough,"cetirizine, fluticasone"
"nausea, shortness of breath","diphenhydramine, sertraline"
"muscle pain, allergic reaction, diarrhea","lisinopril, ranitidine"
nausea,salmeterol
"fatigue, insomnia","atorvastatin, albuterol"
"shortness of breath, fatigue, diarrhea",metformin
body aches,acetaminophen
"allergic reaction, headache, insomnia, body aches","loratadine, sertraline"
"headache, insomnia, vomiting, weight loss",metformin
"weight gain, back pain, diarrhea",fluoxetine
"headache, body aches, shortness of breath",insulin
"joint pain, back pain, shortness of breath, weight gain",atorvastatin
"loss of appetite, weight loss, fever, headache",venlafaxine
"joint pain, shortness of breath, abdominal pain, nausea","fluticasone, ibuprofen"
"muscle pain, anxiety, joint pain","ranitidine, insulin"
"vomiting, anxiety, headache, shortness of breath",lisinopril
anxiety,cetirizine
weight gain,diphenhydramine
"insomnia, body aches, diarrhea, depression","salmeterol, diphenhydramine"
"depression, back pain","albuterol, cetirizine"
"vomiting, runny nose, cough, loss of appetite",diphenhydramine
"back pain, insomnia","lisinopril, omeprazole"
"fever, nausea",acetaminophen
"weight loss, runny nose, body aches",ibuprofen
abdominal pain,albuterol
abdominal pain,"ibuprofen, azithromycin"
"allergic reaction, runny nose, weight loss, muscle pain","omeprazole, albuterol"
"back pain, nausea, weight gain, chest pain",ibuprofen
"diarrhea, weight loss, loss of appetite, back pain",metformin
"weight gain, rash","lisinopril, cetirizine"
"rash, back pain, anxiety","venlafaxine, loratadine"
"muscle pain, allergic reaction, swelling, depression",aspirin
"fatigue, vomiting","lisinopril, atorvastatin"
vomiting,"aspirin, salmeterol"
rash,"sertraline, diphenhydramine"
"runny nose, diarrhea, shortness of breath","amoxicillin, venlafaxine"
"muscle pain, body aches","diphenhydramine, fluoxetine"
"insomnia, shortness of breath, back pain",loratadine
"weight gain, swelling, weight loss, headache",cetirizine
"weight loss, swelling, runny nose, allergic reaction","acetaminophen, metformin"
"muscle pain, chest pain","cetirizine, fluoxetine"
"itching, shortness of breath","sertraline, lisinopril"
"diarrhea, fever, insomnia, chest pain","insulin, atorvastatin"
"muscle pain, body aches","cetirizine, loratadine"
"abdominal pain, shortness of breath, allergic reaction",cetirizine
"weight loss, nausea",simvastatin
muscle pain,cetirizine
chest pain,simvastatin
nausea,atorvastatin
"nausea, allergic reaction","ibuprofen, fluoxetine"
"body aches, nausea, loss of appetite",diphenhydramine
"muscle pain, allergic reaction, anxiety, shortness of breath",lisinopril
nausea,venlafaxine
"fever, cough, fatigue","amoxicillin, insulin"
"rash, headache, fatigue",cetirizine
"muscle pain, itching, weight loss, back pain","venlafaxine, insulin"
"anxiety, shortness of breath","amoxicillin, insulin"
"loss of appetite, fatigue, insomnia, fever",fluoxetine
"muscle pain, body aches, nausea, vomiting",cetirizine
"sore throat, back pain, fatigue, anxiety",albuterol
"rash, abdominal pain",sertraline
"insomnia, muscle pain, back pain, weight loss","atorvastatin, amoxicillin"
"sore throat, diarrhea, loss of appetite, headache","acetaminophen, salmeterol"
swelling,salmeterol
muscle pain,"venlafaxine, salmeterol"
"runny nose, anxiety, vomiting, swelling",escitalopram
"muscle pain, diarrhea, cough","diphenhydramine, metformin"
"vomiting, weight gain, nausea",ibuprofen
"runny nose, muscle pain, insomnia, diarrhea",amoxicillin
"weight gain, anxiety, nausea, vomiting","aspirin, atorvastatin"
"chest pain, joint pain, nausea, weight loss","albuterol, lisinopril"
back pain,ranitidine
runny nose,aspirin
weight gain,diphenhydramine
"headache, sore throat","omeprazole, venlafaxine"
"insomnia, itching, back pain",amoxicillin
"cough, sore throat, swelling",insulin
itching,cetirizine
"rash, body aches, chest pain, swelling","insulin, aspirin"
"muscle pain, abdominal pain, fever, joint pain","fluticasone, omeprazole"
"cough, fever, shortness of breath, fatigue","amoxicillin, fluticasone"
"chest pain, fever, back pain, shortness of breath","lisinopril, salmeterol"
"insomnia, headache, joint pain","venlafaxine, ranitidine"
sore throat,salmeterol
insomnia,"escitalopram, ibuprofen"
"rash, swelling, weight loss, shortness of breath",lisinopril
"muscle pain, fever, diarrhea, swelling","salmeterol, atorvastatin"
"rash, anxiety, cough","loratadine, salmeterol"
"sore throat, cough, anxiety","albuterol, insulin"
"itching, sore throat, depression, cough",salmeterol
"depression, shortness of breath, nausea, vomiting","azithromycin, venlafaxine"
"fatigue, itching",insulin
"anxiety, shortness of breath, weight gain","ibuprofen, omeprazole"
"chest pain, joint pain, weight gain, insomnia","simvastatin, ranitidine"
"allergic reaction, muscle pain","escitalopram, fluticasone"
"headache, fatigue, rash",amoxicillin
depression,insulin
"runny nose, allergic reaction, itching","insulin, albuterol"
"anxiety, abdominal pain",simvastatin
"joint pain, allergic reaction, weight gain, rash","venlafaxine, sertraline"
"diarrhea, rash, joint pain",acetaminophen
"nausea, diarrhea, back pain",fluoxetine
"depression, shortness of breath, diarrhea, swelling","insulin, ibuprofen"
"rash, back pain, joint pain","metformin, insulin"
headache,"fluoxetine, azithromycin"
fatigue,"escitalopram, aspirin"
"body aches, weight gain",simvastatin
"joint pain, cough, rash",atorvastatin
"fatigue, weight loss, muscle pain","fluoxetine, aspirin"
"nausea, diarrhea",loratadine
"runny nose, vomiting, diarrhea","metformin, simvastatin"
weight gain,"lisinopril, cetirizine"
diarrhea,ibuprofen
"joint pain, allergic reaction, muscle pain","insulin, escitalopram"
"fever, loss of appetite, chest pain",escitalopram
shortness of breath,salmeterol
"headache, depression","albuterol, cetirizine"
"vomiting, body aches, weight gain","lisinopril, albuterol"
"weight loss, itching",omeprazole
"abdominal pain, itching, anxiety, diarrhea",amoxicillin
anxiety,"ibuprofen, aspirin"
"insomnia, nausea",venlafaxine
"weight gain, weight loss","diphenhydramine, fluticasone"
"diarrhea, fever, cough",aspirin
"swelling, runny nose, headache, depression","ibuprofen, lisinopril"
"depression, abdominal pain, muscle pain, allergic reaction",albuterol
"joint pain, vomiting, swelling","diphenhydramine, amoxicillin"
"chest pain, runny nose, diarrhea, fatigue","insulin, fluticasone"
"sore throat, weight loss","acetaminophen, insulin"
"weight gain, chest pain","loratadine, diphenhydramine"
depression,"sertraline, insulin"
"anxiety, headache, weight loss",escitalopram
"weight gain, shortness of breath",aspirin
"allergic reaction, vomiting, diarrhea",atorvastatin
weight loss,"sertraline, escitalopram"
"headache, runny nose","simvastatin, fluoxetine"
"fatigue, diarrhea","ibuprofen, aspirin"
"sore throat, weight gain, depression, nausea",ibuprofen
"diarrhea, fever",ibuprofen
weight loss,"escitalopram, aspirin"
"itching, diarrhea, loss of appetite, fatigue","fluoxetine, amoxicillin"
"allergic reaction, weight loss","lisinopril, albuterol"
joint pain,metformin
"diarrhea, fever, cough","lisinopril, loratadine"
"body aches, runny nose, shortness of breath, cough",metformin
"body aches, shortness of breath, anxiety","azithromycin, ibuprofen"
anxiety,"insulin, fluticasone"
"runny nose, joint pain","metformin, atorvastatin"
"chest pain, cough, swelling, depression","ranitidine, diphenhydramine"
fever,sertraline
insomnia,venlafaxine
"fever, chest pain, runny nose","acetaminophen, ranitidine"
"itching, chest pain, joint pain, muscle pain","omeprazole, ibuprofen"
"allergic reaction, shortness of breath, swelling",aspirin
rash,amoxicillin
"diarrhea, cough, muscle pain","metformin, salmeterol"
"sore throat, fatigue",sertraline
"weight loss, insomnia, itching",aspirin
"swelling, diarrhea, vomiting, muscle pain","acetaminophen, lisinopril"
"anxiety, shortness of breath, headache",metformin
"back pain, shortness of breath, muscle pain, cough",cetirizine
"abdominal pain, itching, back pain",atorvastatin
"swelling, joint pain, nausea, runny nose","insulin, metformin"
"joint pain, shortness of breath",ibuprofen
depression,"salmeterol, acetaminophen"
"abdominal pain, shortness of breath, sore throat, swelling","ranitidine, fluoxetine"
muscle pain,"acetaminophen, venlafaxine"
weight gain,"metformin, sertraline"
"vomiting, sore throat, rash, shortness of breath","sertraline, salmeterol"
itching,"insulin, loratadine"
"nausea, vomiting","venlafaxine, diphenhydramine"
"chest pain, muscle pain","diphenhydramine, loratadine"
"nausea, headache, muscle pain, sore throat",azithromycin
"diarrhea, muscle pain, loss of appetite","azithromycin, amoxicillin"
"body aches, itching, abdominal pain, insomnia","ranitidine, loratadine"
"weight loss, rash, vomiting, nausea","insulin, albuterol"
abdominal pain,"insulin, fluoxetine"
loss of appetite,"metformin, azithromycin"
"headache, allergic reaction, swelling, muscle pain","salmeterol, lisinopril"
"abdominal pain, anxiety, back pain, depression","atorvastatin, amoxicillin"
loss of appetite,"atorvastatin, venlafaxine"
back pain,escitalopram
sore throat,acetaminophen
"weight loss, allergic reaction","simvastatin, acetaminophen"
"vomiting, fever, sore throat",fluticasone
"cough, itching",lisinopril
"rash, sore throat",diphenhydramine
"fever, itching, weight gain, body aches","omeprazole, diphenhydramine"
"shortness of breath, fatigue","salmeterol, diphenhydramine"
"cough, rash","diphenhydramine, lisinopril"
"itching, runny nose, back pain",simvastatin
"fatigue, allergic reaction","loratadine, atorvastatin"
chest pain,insulin
"fatigue, diarrhea","salmeterol, insulin"
fatigue,salmeterol
muscle pain,omeprazole
allergic reaction,"omeprazole, escitalopram"
"loss of appetite, joint pain","ranitidine, escitalopram"
anxiety,"cetirizine, simvastatin"
"allergic reaction, muscle pain, headache",loratadine
"headache, fatigue",cetirizine
body aches,amoxicillin
"itching, depression, abdominal pain, fever",aspirin
"fatigue, joint pain, chest pain, fever",metformin
"cough, fever, itching","lisinopril, escitalopram"
"nausea, fever, runny nose, headache",ibuprofen
"cough, rash, fever","aspirin, omeprazole"
"chest pain, runny nose, itching, weight gain",fluoxetine
"joint pain, runny nose","sertraline, ranitidine"
insomnia,diphenhydramine
back pain,atorvastatin
"loss of appetite, depression","fluoxetine, ibuprofen"
"depression, headache, shortness of breath, insomnia","azithromycin, omeprazole"
"fatigue, cough, anxiety, fever",atorvastatin
depression,salmeterol
runny nose,metformin
"swelling, loss of appetite, body aches, abdominal pain",amoxicillin
"rash, weight loss, vomiting, depression","atorvastatin, metformin"
vomiting,simvastatin
"itching, fatigue, headache",acetaminophen
"headache, body aches",simvastatin
"loss of appetite, muscle pain, joint pain, cough",fluticasone
"anxiety, body aches, nausea","omeprazole, atorvastatin"
"diarrhea, body aches",lisinopril
"allergic reaction, back pain, swelling",salmeterol
"itching, loss of appetite, allergic reaction","fluoxetine, sertraline"
"weight gain, itching","insulin, fluticasone"
"weight gain, loss of appetite",insulin
"runny nose, chest pain, cough","omeprazole, salmeterol"
rash,"ibuprofen, atorvastatin"
sore throat,sertraline
headache,metformin
"insomnia, runny nose, muscle pain, shortness of breath",sertraline
"back pain, allergic reaction, body aches, shortness of breath",loratadine
"fatigue, nausea, muscle pain, weight loss",metformin
"swelling, fatigue",fluticasone
"fatigue, weight loss, cough","escitalopram, simvastatin"
"weight gain, rash",albuterol
fatigue,"omeprazole, insulin"
"vomiting, headache, chest pain",atorvastatin
insomnia,fluticasone
"allergic reaction, weight gain, anxiety, vomiting",atorvastatin
"fatigue, fever",omeprazole
"shortness of breath, insomnia, fever, weight loss","salmeterol, sertraline"
rash,acetaminophen
"shortness of breath, diarrhea, back pain, nausea",lisinopril
"depression, diarrhea, swelling",ranitidine
itching,"diphenhydramine, aspirin"
"body aches, joint pain, sore throat","fluticasone, albuterol"
insomnia,acetaminophen
"swelling, nausea, shortness of breath","metformin, azithromycin"
"vomiting, nausea, back pain","amoxicillin, diphenhydramine"
diarrhea,loratadine
nausea,"acetaminophen, fluticasone"
"swelling, loss of appetite, diarrhea","ibuprofen, acetaminophen"
insomnia,"simvastatin, loratadine"
"vomiting, runny nose","ranitidine, aspirin"
"body aches, loss of appetite, allergic reaction, cough",aspirin
rash,"atorvastatin, venlafaxine"
"cough, fever","acetaminophen, salmeterol"
"runny nose, back pain, rash","albuterol, insulin"
"weight loss, weight gain, loss of appetite","sertraline, cetirizine"
"nausea, depression",amoxicillin
"shortness of breath, fever, itching","venlafaxine, metformin"
"chest pain, headache","ibuprofen, cetirizine"
"weight gain, insomnia",omeprazole
nausea,azithromycin
"itching, muscle pain, nausea",salmeterol
"cough, weight loss",escitalopram
"joint pain, runny nose, sore throat, diarrhea","omeprazole, fluticasone"
"diarrhea, loss of appetite, fatigue",ranitidine
itching,"lisinopril, ranitidine"
"nausea, weight loss",azithromycin
"anxiety, sore throat, back pain","cetirizine, simvastatin"
"shortness of breath, weight gain, swelling","ibuprofen, simvastatin"
rash,"lisinopril, venlafaxine"
shortness of breath,omeprazole
runny nose,fluticasone
"nausea, cough, rash",acetaminophen
"headache, runny nose","amoxicillin, loratadine"
"muscle pain, fever, weight gain","sertraline, metformin"
"shortness of breath, diarrhea, runny nose, joint pain","atorvastatin, ibuprofen"
"swelling, fever, loss of appetite",diphenhydramine
"diarrhea, runny nose, cough",metformin
"fever, insomnia, weight gain","insulin, amoxicillin"
weight loss,azithromycin
"rash, allergic reaction","azithromycin, acetaminophen"
"diarrhea, back pain, swelling, rash","fluticasone, metformin"
runny nose,salmeterol
"rash, nausea, depression, diarrhea","diphenhydramine, omeprazole"
"insomnia, back pain, runny nose","ranitidine, salmeterol"
vomiting,"omeprazole, azithromycin"
runny nose,insulin
"back pain, cough, vomiting","fluticasone, escitalopram"
"back pain, shortness of breath, nausea, loss of appetite",diphenhydramine
"chest pain, joint pain, diarrhea, muscle pain",metformin
"fever, abdominal pain","fluticasone, azithromycin"
"runny nose, back pain, headache",diphenhydramine
"back pain, insomnia, loss of appetite, depression","salmeterol, metformin"
"swelling, depression, fever, chest pain",amoxicillin
"swelling, itching, diarrhea","ibuprofen, aspirin"
chest pain,fluoxetine
allergic reaction,"acetaminophen, aspirin"
"shortness of breath, chest pain, body aches","aspirin, albuterol"
"vomiting, swelling, headache, loss of appetite",metformin
runny nose,diphenhydramine
"swelling, anxiety, runny nose, itching","simvastatin, escitalopram"
"chest pain, nausea, diarrhea, rash",metformin
"itching, rash, diarrhea, fever",fluoxetine
"runny nose, chest pain, weight gain","aspirin, lisinopril"
"diarrhea, vomiting, anxiety",escitalopram
rash,"sertraline, fluticasone"
"insomnia, allergic reaction, fever, vomiting",diphenhydramine
"loss of appetite, back pain","sertraline, azithromycin"
"weight loss, shortness of breath",diphenhydramine
"vomiting, anxiety, allergic reaction, headache",cetirizine
"allergic reaction, headache, fever, fatigue",albuterol
"diarrhea, insomnia",azithromycin
"runny nose, back pain, swelling","acetaminophen, simvastatin"
back pain,"fluticasone, simvastatin"
"weight gain, nausea, joint pain, rash",simvastatin
sore throat,ibuprofen
nausea,"venlafaxine, amoxicillin"
runny nose,albuterol
"back pain, fatigue","escitalopram, albuterol"
"vomiting, diarrhea, cough, depression",fluoxetine
"back pain, cough, chest pain",salmeterol
diarrhea,ibuprofen
"depression, chest pain, fever, diarrhea","aspirin, cetirizine"
joint pain,fluoxetine
"insomnia, cough",fluticasone
"joint pain, loss of appetite, weight gain, nausea","ibuprofen, aspirin"
diarrhea,escitalopram
"chest pain, anxiety, sore throat, cough",loratadine
weight gain,"acetaminophen, metformin"
depression,amoxicillin
"rash, headache, allergic reaction",diphenhydramine
vomiting,"atorvastatin, omeprazole"
"weight gain, joint pain","escitalopram, amoxicillin"
weight loss,azithromycin
"shortness of breath, vomiting",acetaminophen
"back pain, rash, swelling","ranitidine, simvastatin"
"loss of appetite, shortness of breath, body aches",venlafaxine
"diarrhea, body aches, weight gain, headache","amoxicillin, simvastatin"
diarrhea,"simvastatin, escitalopram"
"weight gain, diarrhea, fever, muscle pain",omeprazole
"weight loss, depression, diarrhea, joint pain",metformin
swelling,"fluoxetine, simvastatin"
itching,"lisinopril, ibuprofen"
"fever, anxiety, weight gain, abdominal pain","insulin, diphenhydramine"
"nausea, shortness of breath",ibuprofen
"runny nose, chest pain, body aches, allergic reaction","ranitidine, atorvastatin"
"allergic reaction, fever",metformin
"headache, sore throat, vomiting","fluticasone, cetirizine"
"body aches, cough","amoxicillin, metformin"
"rash, runny nose","aspirin, diphenhydramine"
"abdominal pain, fatigue","insulin, albuterol"
"swelling, shortness of breath, nausea","metformin, diphenhydramine"
back pain,simvastatin
"loss of appetite, muscle pain, cough, shortness of breath",venlafaxine
"joint pain, runny nose, body aches, itching",ranitidine
diarrhea,"escitalopram, omeprazole"
sore throat,"loratadine, lisinopril"
"diarrhea, weight gain","metformin, ibuprofen"
"sore throat, allergic reaction, weight loss","cetirizine, aspirin"
"weight gain, chest pain, itching, swelling","venlafaxine, ranitidine"
"back pain, swelling, runny nose, allergic reaction","cetirizine, loratadine"
"allergic reaction, rash","atorvastatin, salmeterol"
weight loss,diphenhydramine
"muscle pain, fever","ibuprofen, escitalopram"
"loss of appetite, runny nose",ibuprofen
back pain,omeprazole
depression,"diphenhydramine, insulin"
"body aches, itching, weight loss",sertraline
"body aches, vomiting, fever, allergic reaction",atorvastatin
"back pain, body aches, swelling, weight gain","albuterol, loratadine"
"insomnia, swelling, vomiting",escitalopram
"fever, headache, loss of appetite","ranitidine, fluoxetine"
"body aches, itching, weight loss","aspirin, albuterol"
"nausea, sore throat",venlafaxine
"cough, diarrhea, itching, sore throat",simvastatin
cough,azithromycin
"loss of appetite, runny nose, joint pain",simvastatin
"itching, anxiety, depression, back pain","fluoxetine, metformin"
"chest pain, cough","insulin, amoxicillin"
headache,insulin
"diarrhea, muscle pain","ibuprofen, albuterol"
